recipe_tag	coefficient
apple	0.1550545848909713
bacon	0.9114648028035751
chicken	0.23949276074994844
crisp	0.2844683993879389
lasagna	0.20585969347297517
veg	-0.1372397956486501
