recipe_tag	coefficient
apple	0.17736875977514363
bacon	0.9142990687276394
chicken	0.19981303781304788
crisp	0.211394336115538
lasagna	0.20249167421797473
veg	-0.13499444947864983
